<?xml version="1.0" encoding="UTF-8" standalone="no" ?><CAERep ObjId="39" Type="CAERep" Ver="2"><AnswerSetID PropType="unsigned int">23</AnswerSetID><DSEnvironmentID PropType="int">22</DSEnvironmentID><Goal PropType="string">RunSolver</Goal><HasBetaKeyOn PropType="bool">false</HasBetaKeyOn><InProcess PropType="bool">true</InProcess><LastDatabaseId PropType="unsigned int">65</LastDatabaseId><NumProcessorsForPost PropType="int">0</NumProcessorsForPost><PID_Legacy_Solve PropType="int">0</PID_Legacy_Solve><PartialCode PropType="int">1</PartialCode><ProductVersion PropType="string">19.0 RELEASE</ProductVersion><ProductVersionForSec PropType="string">19.0</ProductVersionForSec><ProjectName PropType="string">mbmHW5--Static Structural (B5)</ProjectName><ReturnCode PropType="int">1</ReturnCode><SolveInvokedFromAddin PropType="int">0</SolveInvokedFromAddin><SysvarMap PropType="map&lt;string,string>"><Entry key="DSSolver ProgId">AMKSolver.AMKSolver.190</Entry></SysvarMap><EngineeringRep ObjId="40" Type="EngineeringRep" Ver="2"><BCRep ObjId="43" Type="BCRep" Ver="2"><StepEndTimes PropType="vector&lt;double>" UCat="Time" Unt="s">   10</StepEndTimes><SurfaceForce ObjId="32" Type="Force" Ver="2"><Caption PropType="string">Force</Caption><RefCoordSysId PropType="unsigned int">21</RefCoordSysId><Scoping PropType="vector&lt;string>">33</Scoping><LoadStep ObjId="59" Type="LoadStep" Ver="2"><ActiveBitmask PropType="vector&lt;int>">7</ActiveBitmask><IsActive PropType="vector&lt;bool>">true</IsActive><Number PropType="vector&lt;int>"/></LoadStep><ComponentX ObjId="60" Type="Table" Ver="2"><StepNumber PropType="vector&lt;int>">1,1</StepNumber><Time PropType="vector&lt;double>" UCat="Time" Unt="s">    0,   10</Time><Values PropType="vector&lt;double>" UCat="Force" Unt="tonne mm s^-2">    0,    0</Values></ComponentX><ComponentY ObjId="61" Type="Table" Ver="2"><StepNumber PropType="vector&lt;int>">1,1</StepNumber><Time PropType="vector&lt;double>" UCat="Time" Unt="s">    0,   10</Time><Values PropType="vector&lt;double>" UCat="Force" Unt="tonne mm s^-2">    0,16000</Values></ComponentY><ComponentZ ObjId="62" Type="Table" Ver="2"><StepNumber PropType="vector&lt;int>">1,1</StepNumber><Time PropType="vector&lt;double>" UCat="Time" Unt="s">    0,   10</Time><Values PropType="vector&lt;double>" UCat="Force" Unt="tonne mm s^-2">    0,    0</Values></ComponentZ></SurfaceForce><FixedSurfaceSupport ObjId="35" Type="Support" Ver="2"><Caption PropType="string">Fixed Support</Caption><Scoping PropType="vector&lt;string>">36</Scoping><Type PropType="string"/></FixedSurfaceSupport></BCRep><GeometryAttributes ObjId="41" Type="GeometryAttributes" Ver="2"><AssemblyAttributes ObjId="42" Type="AssemblyAttributes" Ver="2"><ElementOptionControl PropType="string">ProgramControlled</ElementOptionControl><GeometrySource PropType="string">\\Client\C$\Users\rulij\Downloads\Specimen.igs</GeometrySource><Is2DAnalysis PropType="bool">false</Is2DAnalysis><PartAttributes ObjId="17" Type="PartAttributes" Ver="2"><Caption PropType="string">   Solid Bodies</Caption><Mass PropType="double" UCat="Mass" Unt="tonne">38346.38017681737</Mass><PartId PropType="unsigned int">3</PartId><BodyAttributes ObjId="18" Type="BodyAttributes" Ver="2"><AreNonLinearEffectsOn PropType="bool">true</AreNonLinearEffectsOn><BoundingBoxDiagonal PropType="double" UCat="Length" Unt="mm">105.1297963186838</BoundingBoxDiagonal><Caption PropType="string">   Solid</Caption><ElementCoordSysId PropType="unsigned int">21</ElementCoordSysId><GeometryType PropType="string">Solid</GeometryType><Mass PropType="double" UCat="Mass" Unt="tonne">38346.38017681737</Mass><ProtoReferenceId PropType="unsigned int">4</ProtoReferenceId><StiffnessBehavior PropType="string">Deformable</StiffnessBehavior><ThermalStrainCalculation PropType="bool">true</ThermalStrainCalculation><Centroid ObjId="50" Type="DSGePoint3d" Ver="3"><Coordinates PropType="vector&lt;double>" UCat="Length" Unt="mm">-1.050195484336916e-017,-3.640677679034643e-016,1.500000013038366</Coordinates></Centroid><MassMomentOfInertia ObjId="49" Type="MassMomentOfInertia" Ver="2"><Ixx PropType="double" UCat="MomentInertiaMass" Unt="tonne mm^2">40604176.46570431</Ixx><Iyy PropType="double" UCat="MomentInertiaMass" Unt="tonne mm^2">967502.2791625785</Iyy><Izz PropType="double" UCat="MomentInertiaMass" Unt="tonne mm^2">41513713.03737231</Izz></MassMomentOfInertia><MaterialRep ObjId="48" Type="MaterialRep" Ver="2"><MaterialName PropType="string">Custom material_2</MaterialName><ReferenceTemperature PropType="double" UCat="Temperature" Unt="Celsius">   22</ReferenceTemperature><UnitSystem PropType="int">0</UnitSystem><UseReferenceTemperature PropType="bool">false</UseReferenceTemperature></MaterialRep></BodyAttributes><Centroid ObjId="51" Type="DSGePoint3d" Ver="3"><Coordinates PropType="vector&lt;double>" UCat="Length" Unt="mm">-1.050195484336916e-017,-3.640677679034643e-016,1.500000013038366</Coordinates></Centroid><MassMomentOfInertia ObjId="52" Type="MassMomentOfInertia" Ver="2"><Ixx PropType="double" UCat="MomentInertiaMass" Unt="tonne mm^2">40604176.46570431</Ixx><Iyy PropType="double" UCat="MomentInertiaMass" Unt="tonne mm^2">967502.2791625785</Iyy><Izz PropType="double" UCat="MomentInertiaMass" Unt="tonne mm^2">41513713.03737231</Izz><CoordinateSystemRep ObjId="53" Type="CoordinateSystemRep" Ver="3"><Caption PropType="string">Undefined</Caption><CoordSystemIndex PropType="unsigned int">0</CoordSystemIndex><IsGlobal PropType="bool">false</IsGlobal><Param1 PropType="double">    1</Param1><Param2 PropType="double">    1</Param2><Singularity1 PropType="int">0</Singularity1><Singularity2 PropType="int">0</Singularity2><SolverCoordNumber PropType="unsigned int">0</SolverCoordNumber><Type PropType="string">Cartesian</Type><DSGePoint3d ObjId="55" Type="DSGePoint3d" Ver="3"><Coordinates PropType="vector&lt;double>" UCat="Length" Unt="mm">-1.050195484336916e-017,-3.640677679034643e-016,1.500000013038366</Coordinates></DSGePoint3d><Matrix3X3 ObjId="54" Type="Matrix3X3" Ver="2"><IsOrthogonal PropType="bool">false</IsOrthogonal><Row0 PropType="vector&lt;double>">    1,    0,    0</Row0><Row1 PropType="vector&lt;double>">    0,    1,    0</Row1><Row2 PropType="vector&lt;double>">    0,    0,    1</Row2></Matrix3X3></CoordinateSystemRep></MassMomentOfInertia></PartAttributes></AssemblyAttributes></GeometryAttributes><ServiceRep ObjId="44" Type="ServiceRep" Ver="2"><CoordinateSystemRep ObjId="21" Type="CoordinateSystemRep" Ver="3"><Caption PropType="string">Global Coordinate System</Caption><CoordSystemIndex PropType="unsigned int">0</CoordSystemIndex><IsGlobal PropType="bool">true</IsGlobal><Param1 PropType="double">    1</Param1><Param2 PropType="double">    1</Param2><Singularity1 PropType="int">0</Singularity1><Singularity2 PropType="int">0</Singularity2><SolverCoordNumber PropType="int">0</SolverCoordNumber><Type PropType="string">Cartesian</Type><DSGePoint3d ObjId="57" Type="DSGePoint3d" Ver="3"><Coordinates PropType="vector&lt;double>" UCat="Length" Unt="mm">    0,    0,    0</Coordinates></DSGePoint3d><Matrix3X3 ObjId="56" Type="Matrix3X3" Ver="2"><IsOrthogonal PropType="bool">false</IsOrthogonal><Row0 PropType="vector&lt;double>">    1,    0,    0</Row0><Row1 PropType="vector&lt;double>">    0,    1,    0</Row1><Row2 PropType="vector&lt;double>">    0,    0,    1</Row2></Matrix3X3></CoordinateSystemRep><ReferenceDataRep ObjId="58" Type="ReferenceDataRep" Ver="2"><BodyId PropType="vector&lt;unsigned int>">4,4,4</BodyId><PartId PropType="vector&lt;unsigned int>">3,3,3</PartId><RefId PropType="vector&lt;unsigned int>">1,3,4</RefId><RefItem PropType="vector&lt;unsigned int>">0,0,0</RefItem><RefType PropType="vector&lt;unsigned int>">1048576,96,96</RefType><RefValue PropType="vector&lt;unsigned int>">4,52,57</RefValue><Scoping PropType="vector&lt;string>">19,33,36</Scoping><Type PropType="vector&lt;unsigned int>">1,1,1</Type><UBID PropType="vector&lt;unsigned int>">18,18,18</UBID><UPID PropType="vector&lt;unsigned int>">17,17,17</UPID></ReferenceDataRep></ServiceRep></EngineeringRep><GeometryRep ObjId="47" Type="GeometryRep" Ver="2"><ActiveAssembly PropType="unsigned int">1</ActiveAssembly><PartsAssembly PropType="string">000000000079EC28</PartsAssembly><Units PropType="string">m</Units></GeometryRep><MaterialLibraryRep ObjId="46" Type="MaterialLibraryRep" Ver="2"><FileName PropType="string">MatML.xml</FileName></MaterialLibraryRep><MeshRep ObjId="45" Type="MeshRep" Ver="2"><AssemblyMesh PropType="string">000000003476D8A8</AssemblyMesh><Configuration PropType="unsigned int">31</Configuration><IndependentMesh PropType="string">IndependentMesh.bin</IndependentMesh><RigidBodyBehavior PropType="string">DimensionallyReduced</RigidBodyBehavior><Units PropType="string">m</Units></MeshRep><SolverRep ObjId="63" Type="SolverRep" Ver="2"><AnalysisType PropType="string">Static</AnalysisType><PhysicsType PropType="string">Mechanical</PhysicsType><SolverTargetName PropType="string">ANSYS</SolverTargetName><SolverThreadCommunicationPointerId PropType="string">000000004C18B740</SolverThreadCommunicationPointerId><SolverUnits PropType="int">6</SolverUnits><UnknownPointerId PropType="string">0000000005CAFBF0</UnknownPointerId><FEConnectorsRep ObjId="24" Type="FEConnectorsRep" Ver="2"><StepSelection PropType="int">0</StepSelection></FEConnectorsRep><FileManagementRep ObjId="65" Type="FileManagementRep" Ver="2"><SolverFileDirectory PropType="string"/><SolverFileRelativeDirectory PropType="string"/></FileManagementRep><ProcessControls ObjId="64" Type="ProcessControls" Ver="2"><DistributedSolve PropType="bool">true</DistributedSolve><IsLocal PropType="bool">true</IsLocal><IsRSMSolve PropType="bool">false</IsRSMSolve><ManualMemorySettings PropType="bool">false</ManualMemorySettings><MaxProcessors PropType="int">2</MaxProcessors></ProcessControls><AnalysisSettings CAEType="extObj"><StaticMechanicalSettings version="1.0"><StepControls version="1.0"><EndTime>10.</EndTime><TimeStepOptions version="1.0"><AutoTimeSteppingType>ProgramControlled</AutoTimeSteppingType></TimeStepOptions><NonlinearControls version="1.0"><Force><ProgramControlled/></Force><Moment><ProgramControlled/></Moment><Rotation><ProgramControlled/></Rotation><Displacement><ProgramControlled/></Displacement><LineSearch>ProgramControlled</LineSearch><StabilizationControls><StabilizationControls version="1.0"><Controls>Off</Controls><Method>Energy</Method><EnergyDissipationRatio>1.e-004</EnergyDissipationRatio><DampingFactor>0.</DampingFactor><FirstSubstepOption>No</FirstSubstepOption><ForceLimit>0.2</ForceLimit></StabilizationControls></StabilizationControls></NonlinearControls><OutputControls version="1.0"><Stress>true</Stress><Strain>true</Strain><Contact>false</Contact><TimePointsOptions>All</TimePointsOptions><MaxNumberofResultSets>1000</MaxNumberofResultSets><GeneralMisc>false</GeneralMisc><CalculateFracture>false</CalculateFracture><ResultSetsType>Auto</ResultSetsType><CacheResultsInMemoryType>Never</CacheResultsInMemoryType><StoreModalResult>ProgramControlled</StoreModalResult><ExpandResultFrom>ProgramControlled</ExpandResultFrom><ProgControlledExpansion>Unknown</ProgControlledExpansion><NodalForcesType>No</NodalForcesType><CalculateParticipationFactorResult>ProgramControlled</CalculateParticipationFactorResult><CombineResultFiles>ProgramControlled</CombineResultFiles><TimePointsOptions>All</TimePointsOptions><ResultSets></ResultSets></OutputControls><CreepControls version="1.0"><CreepActivation/><CreepLimitRatio>1.</CreepLimitRatio></CreepControls><NonlinearAdaptivityControls version="3.0"><NLADHasMesh>0.</NLADHasMesh><NLADRefinementAlgorithm>0.</NLADRefinementAlgorithm><NLADRemeshingGradient>3.</NLADRemeshingGradient><NLADNumSculptedLayers>2.</NLADNumSculptedLayers><NLADNumSculptedLayersVal2>2.</NLADNumSculptedLayersVal2><NLADBoundaryAngle>15.</NLADBoundaryAngle><NLADRemeshingTolerance>5.e-002</NLADRemeshingTolerance><NLADRemeshingToleranceVal2>0.5</NLADRemeshingToleranceVal2><NLADGlobalSizeRatio>1.</NLADGlobalSizeRatio><NLADGlobalSizeRatioVal2>0.75</NLADGlobalSizeRatioVal2><NLADEdgeSplitAngle>10.</NLADEdgeSplitAngle><NLADLocalSizeRatio>1.</NLADLocalSizeRatio></NonlinearAdaptivityControls><InertialRelief>false</InertialRelief><LoadCaseIdentifier></LoadCaseIdentifier></StepControls><SolverControls version="1.0"><SolverType><ProgramControlled/></SolverType><UseLargeDeformation>false</UseLargeDeformation><WeakSprings><Off/></WeakSprings><FractureSolution>true</FractureSolution><NewtonRaphsonType><ProgramControlled/></NewtonRaphsonType><SolverPivotChecking>ProgramControlled</SolverPivotChecking></SolverControls><SolverFileControls version="1.0"><SolverEngineType>ANSYS</SolverEngineType><SolverUnits>6</SolverUnits><SolverFilesDirectory>\\Client\C$\Users\rulij\Desktop\ANSYS folder\mbmHW5_files\dp0\SYS\MECH\</SolverFilesDirectory><SolverJobname>file</SolverJobname><ScratchSolverFilesDirectory>\\Client\C$\Users\rulij\Desktop\ANSYS folder\_ProjectScratch\ScrC3C7\</ScratchSolverFilesDirectory><AdditionalList></AdditionalList><SaveANSYSDB>false</SaveANSYSDB><ContactSummary>kAnalysisSettingsContactSummaryProgramControlled</ContactSummary><DeleteUnusedFiles>true</DeleteUnusedFiles><ResultFile></ResultFile><NonlinearSolution>true</NonlinearSolution></SolverFileControls><RestartAnalysis version="1.0"><RestartType>ProgramControlled</RestartType><RestartAction>ContinueAnalysis</RestartAction><RestartAtLoadStep>0</RestartAtLoadStep><RestartAtSubstep>0</RestartAtSubstep><RestartAtTime>0.000000000000000</RestartAtTime><EndStepTime>0.000000000000000</EndStepTime><ModifiedLoads></ModifiedLoads></RestartAnalysis><RestartControls version="1.0"><Controls>ProgramControlled</Controls><SaveAtLoadStep>None</SaveAtLoadStep><SaveAtSubstep>None</SaveAtSubstep><SaveSubstepFrequency>1</SaveSubstepFrequency><SaveMaximumFiles>0</SaveMaximumFiles><RetainFiles>No</RetainFiles><CombineMultiFrames>ProgramControlled</CombineMultiFrames></RestartControls><FractureControls version="1.0"><FractureSolverControls><HasSMARTCrackGrowth>false</HasSMARTCrackGrowth></FractureSolverControls></FractureControls><RotordynamicsControls version="1.0"><CoriolisEffect>No</CoriolisEffect><ReferenceFrameStationary>Stationary</ReferenceFrameStationary><RotatingDampingEffect>No</RotatingDampingEffect><CampbellDiagram>No</CampbellDiagram><Sorting>Yes</Sorting><ModalNumberofPoints>2</ModalNumberofPoints><ModeReuse>ProgramControlled</ModeReuse></RotordynamicsControls></StaticMechanicalSettings></AnalysisSettings></SolverRep></CAERep>