<?xml version="1.0" encoding="UTF-8"?>
<EngineeringData version="19.0.0.174" versiondate="12/18/2017 1:35:00 PM">
  <Notes>
  </Notes>
  <Materials>
    <MatML_Doc>
      <Material>
        <BulkDetails>
          <Name>Custom material_2</Name>
          <PropertyData property="pr0">
            <Data format="string">-</Data>
            <Qualifier name="Localized Name">Color</Qualifier>
            <ParameterValue parameter="pa0" format="float">
              <Data>130</Data>
              <Qualifier name="Variable Type">Dependent</Qualifier>
            </ParameterValue>
            <ParameterValue parameter="pa1" format="float">
              <Data>181</Data>
              <Qualifier name="Variable Type">Dependent</Qualifier>
            </ParameterValue>
            <ParameterValue parameter="pa2" format="float">
              <Data>143</Data>
              <Qualifier name="Variable Type">Dependent</Qualifier>
            </ParameterValue>
            <ParameterValue parameter="pa3" format="string">
              <Data>Appearance</Data>
            </ParameterValue>
          </PropertyData>
          <PropertyData property="pr1">
            <Data format="string">-</Data>
            <Qualifier name="Field Variable Compatible">Temperature</Qualifier>
            <Qualifier name="Localized Name">Density</Qualifier>
            <ParameterValue parameter="pa4" format="string">
              <Data>Interpolation Options</Data>
              <Qualifier name="AlgorithmType">Linear Multivariate</Qualifier>
              <Qualifier name="Normalized">True</Qualifier>
              <Qualifier name="Cached">True</Qualifier>
            </ParameterValue>
            <ParameterValue parameter="pa5" format="float">
              <Data>7850000000000</Data>
              <Qualifier name="Variable Type">Dependent</Qualifier>
            </ParameterValue>
            <ParameterValue parameter="pa6" format="float">
              <Data>7.88860905221012e-31</Data>
              <Qualifier name="Variable Type">Independent</Qualifier>
              <Qualifier name="Field Variable">Temperature</Qualifier>
              <Qualifier name="Default Data">22</Qualifier>
              <Qualifier name="Upper Limit">1.18329135783152E-30</Qualifier>
              <Qualifier name="Lower Limit">3.94430452610506E-31</Qualifier>
              <Qualifier name="Field Units">C</Qualifier>
            </ParameterValue>
          </PropertyData>
          <PropertyData property="pr2">
            <Data format="string">-</Data>
            <Qualifier name="Behavior">Isotropic</Qualifier>
            <Qualifier name="Derive from">Young's Modulus and Poisson's Ratio</Qualifier>
            <Qualifier name="Field Variable Compatible">Temperature</Qualifier>
            <Qualifier name="Localized Name">Isotropic Elasticity</Qualifier>
            <ParameterValue parameter="pa4" format="string">
              <Data>Interpolation Options</Data>
              <Qualifier name="AlgorithmType">Linear Multivariate</Qualifier>
              <Qualifier name="Normalized">True</Qualifier>
              <Qualifier name="Cached">True</Qualifier>
            </ParameterValue>
            <ParameterValue parameter="pa7" format="float">
              <Data>43750000000</Data>
              <Qualifier name="Variable Type">Dependent</Qualifier>
            </ParameterValue>
            <ParameterValue parameter="pa8" format="float">
              <Data>0.3</Data>
              <Qualifier name="Variable Type">Dependent</Qualifier>
            </ParameterValue>
            <ParameterValue parameter="pa9" format="float">
              <Data>36458333333.3333</Data>
              <Qualifier name="Variable Type">Dependent</Qualifier>
            </ParameterValue>
            <ParameterValue parameter="pa10" format="float">
              <Data>16826923076.9231</Data>
              <Qualifier name="Variable Type">Dependent</Qualifier>
            </ParameterValue>
            <ParameterValue parameter="pa6" format="float">
              <Data>7.88860905221012e-31</Data>
              <Qualifier name="Variable Type">Independent</Qualifier>
              <Qualifier name="Field Variable">Temperature</Qualifier>
              <Qualifier name="Default Data">22</Qualifier>
              <Qualifier name="Upper Limit">1.18329135783152E-30</Qualifier>
              <Qualifier name="Lower Limit">3.94430452610506E-31</Qualifier>
              <Qualifier name="Field Units">C</Qualifier>
            </ParameterValue>
          </PropertyData>
          <PropertyData property="pr3">
            <Data format="string">-</Data>
            <Qualifier name="Definition">Multilinear</Qualifier>
            <Qualifier name="Localized Name">Multilinear Isotropic Hardening</Qualifier>
            <ParameterValue parameter="pa11" format="float">
              <Data>250000000,300000000,355000000,390000000,420000000,435000000,449000000,450000000</Data>
              <Qualifier name="Variable Type">Dependent,Dependent,Dependent,Dependent,Dependent,Dependent,Dependent,Dependent</Qualifier>
            </ParameterValue>
            <ParameterValue parameter="pa12" format="float">
              <Data>0,0.018142857,0.051885714,0.091085714,0.1404,0.190057143,0.239737143,0.264714286</Data>
              <Qualifier name="Variable Type">Independent,Independent,Independent,Independent,Independent,Independent,Independent,Independent</Qualifier>
            </ParameterValue>
            <ParameterValue parameter="pa6" format="float">
              <Data>7.88860905221012e-31,7.88860905221012e-31,7.88860905221012e-31,7.88860905221012e-31,7.88860905221012e-31,7.88860905221012e-31,7.88860905221012e-31,7.88860905221012e-31</Data>
              <Qualifier name="Variable Type">Independent,Independent,Independent,Independent,Independent,Independent,Independent,Independent</Qualifier>
            </ParameterValue>
          </PropertyData>
        </BulkDetails>
      </Material>
      <Metadata>
        <ParameterDetails id="pa0">
          <Name>Red</Name>
          <Unitless />
        </ParameterDetails>
        <ParameterDetails id="pa1">
          <Name>Green</Name>
          <Unitless />
        </ParameterDetails>
        <ParameterDetails id="pa2">
          <Name>Blue</Name>
          <Unitless />
        </ParameterDetails>
        <ParameterDetails id="pa3">
          <Name>Material Property</Name>
          <Unitless />
        </ParameterDetails>
        <ParameterDetails id="pa4">
          <Name>Options Variable</Name>
          <Unitless />
        </ParameterDetails>
        <ParameterDetails id="pa5">
          <Name>Density</Name>
          <Units name="Density">
            <Unit>
              <Name>kg</Name>
            </Unit>
            <Unit power="-3">
              <Name>m</Name>
            </Unit>
          </Units>
        </ParameterDetails>
        <ParameterDetails id="pa6">
          <Name>Temperature</Name>
          <Units name="Temperature">
            <Unit>
              <Name>C</Name>
            </Unit>
          </Units>
        </ParameterDetails>
        <ParameterDetails id="pa7">
          <Name>Young's Modulus</Name>
          <Units name="Stress">
            <Unit>
              <Name>Pa</Name>
            </Unit>
          </Units>
        </ParameterDetails>
        <ParameterDetails id="pa8">
          <Name>Poisson's Ratio</Name>
          <Unitless />
        </ParameterDetails>
        <ParameterDetails id="pa9">
          <Name>Bulk Modulus</Name>
          <Units name="Stress">
            <Unit>
              <Name>Pa</Name>
            </Unit>
          </Units>
        </ParameterDetails>
        <ParameterDetails id="pa10">
          <Name>Shear Modulus</Name>
          <Units name="Stress">
            <Unit>
              <Name>Pa</Name>
            </Unit>
          </Units>
        </ParameterDetails>
        <ParameterDetails id="pa11">
          <Name>Stress</Name>
          <Units name="Stress">
            <Unit>
              <Name>Pa</Name>
            </Unit>
          </Units>
        </ParameterDetails>
        <ParameterDetails id="pa12">
          <Name>Plastic Strain</Name>
          <Units name="Strain">
            <Unit>
              <Name>m</Name>
            </Unit>
            <Unit power="-1">
              <Name>m</Name>
            </Unit>
          </Units>
        </ParameterDetails>
        <PropertyDetails id="pr0">
          <Unitless />
          <Name>Color</Name>
        </PropertyDetails>
        <PropertyDetails id="pr1">
          <Unitless />
          <Name>Density</Name>
        </PropertyDetails>
        <PropertyDetails id="pr2">
          <Unitless />
          <Name>Elasticity</Name>
        </PropertyDetails>
        <PropertyDetails id="pr3">
          <Unitless />
          <Name>Isotropic Hardening</Name>
        </PropertyDetails>
      </Metadata>
    </MatML_Doc>
  </Materials>
  <ANSYSWBTransferData>
    <Materials>
      <Material>
        <Name>Custom material_2</Name>
        <DataTransferID>56d4c275-1984-4d7f-951c-1f3078a3ebb0</DataTransferID>
        <PreviousTransferIDs>
        </PreviousTransferIDs>
      </Material>
    </Materials>
  </ANSYSWBTransferData>
</EngineeringData>